run_id,case,policy,round,review_status,wall_s,output_tps,short_requests,long_requests,short_ttft_p95_ms,short_request_max_itl_p95_ms,short_token_itl_p95_ms,long_ttft_p95_ms,planned_outstanding_peak,preemptions,recomputed_tokens,first_prefill_ms,steps_over_200ms,engine_init_s
arrivals-20260928-180440,mixed-r1,prefill_first,1,held_out_unresolved_anomaly,76.899374127388,23.30318055685934,24,8,19916.664762049913,24213.908895663917,712.3912265524268,25156.243935413655,30,2,256,746.1603097617626,96,227.73786006867886
arrivals-20260928-180440,mixed-r1,prefill_first,2,held_out_unresolved_anomaly,74.62509897723794,24.01336848540186,24,8,18315.45974910259,23420.011653378606,712.2657634317875,22877.24920660257,30,2,256,742.7174523472786,95,227.73786006867886
arrivals-20260928-180440,mixed-r1,prefill_first,3,held_out_unresolved_anomaly,74.63841459900141,24.009084459089987,24,8,18339.890420809385,22703.35824750364,712.073553353548,23126.75637323409,30,2,256,48.564884811639786,95,227.73786006867886
arrivals-20260928-180440,mixed-r1,interleave,1,held_out_unresolved_anomaly,75.41298113390803,23.762487214475875,24,8,22639.873547852036,19548.943446390327,774.0154154598713,27564.522433839735,28,0,0,743.956170976162,96,98.11145881190896
arrivals-20260928-180440,mixed-r1,interleave,2,held_out_unresolved_anomaly,76.18648044019938,23.52123355280317,24,8,20426.184090226885,20281.974864564832,769.8168158531189,27003.71584948152,30,2,256,48.57930541038513,97,98.11145881190896
arrivals-20260928-180440,mixed-r1,interleave,3,held_out_unresolved_anomaly,75.33345290273428,23.787572863727824,24,8,20311.89001202583,20140.04908110946,769.6973532438278,26459.636173211034,30,2,256,743.3708347380161,96,98.11145881190896
arrivals-20260928-180440,mixed-r1,mixed,1,held_out_unresolved_anomaly,32.064645919948816,55.88709772357469,24,8,63.48302215337753,60.632096230983734,45.44451870024205,511.34789194911724,2,0,0,45.55779695510864,0,9.29706121981144
arrivals-20260928-180440,mixed-r1,mixed,2,held_out_unresolved_anomaly,32.05765828490257,55.89927948180592,24,8,61.2650390714407,60.774012468755245,44.875011593103416,514.3570821732283,2,0,0,47.10158705711365,0,9.29706121981144
arrivals-20260928-180440,mixed-r1,mixed,3,held_out_unresolved_anomaly,32.064629435539246,55.88712645510301,24,8,62.414452619850636,60.80602370202541,44.87408753484488,509.7959702834487,2,0,0,46.915169805288315,0,9.29706121981144
arrivals-20260928-180440,mixed-r2,interleave,1,provisional_finite_trace,16.667745888233185,107.51303817663107,24,8,159.5398822799325,79.95544392615557,74.07864592969418,596.8871958553791,4,0,0,47.57615178823471,0,10.341817278414965
arrivals-20260928-180440,mixed-r2,interleave,2,provisional_finite_trace,16.67351746931672,107.4758222611222,24,8,160.55582836270332,79.56729270517826,73.98133911192417,599.0457136183977,4,0,0,46.32270708680153,0,10.341817278414965
arrivals-20260928-180440,mixed-r2,interleave,3,provisional_finite_trace,16.68087311089039,107.42842944054665,24,8,163.7166352942586,79.93766888976097,74.13653433322908,599.2392912507057,4,0,0,45.86423188447952,0,10.341817278414965
arrivals-20260928-180440,mixed-r2,mixed,1,provisional_finite_trace,16.583009392023087,108.06241241484217,24,8,62.18230500817298,60.73699835687876,56.10595420002937,516.3670565932989,4,0,0,45.05380243062973,0,8.99493795260787
arrivals-20260928-180440,mixed-r2,mixed,2,provisional_finite_trace,16.585780154913664,108.04435988313196,24,8,62.40829918533563,60.77750939875841,56.25881366431713,515.2509659528732,4,0,0,47.501396387815475,0,8.99493795260787
arrivals-20260928-180440,mixed-r2,mixed,3,provisional_finite_trace,16.58108338713646,108.0749645943055,24,8,62.25552652031183,60.95594745129347,56.28190319985151,517.8594278171659,4,0,0,45.63936963677406,0,8.99493795260787
arrivals-20260928-180440,mixed-r2,prefill_first,1,provisional_finite_trace,16.667875792831182,107.5122002511403,24,8,61.987473256886005,469.1269364207983,19.069593399763107,464.2610024660826,4,0,0,45.82604393362999,0,9.23361924290657
arrivals-20260928-180440,mixed-r2,prefill_first,2,provisional_finite_trace,16.66380362585187,107.53847322227978,24,8,60.165075771510594,470.08636090904474,19.000131636857986,466.1035977303982,4,0,0,48.80354925990105,0,9.23361924290657
arrivals-20260928-180440,mixed-r2,prefill_first,3,provisional_finite_trace,16.667956981807947,107.51167656335195,24,8,61.14838533103466,469.79396156966686,18.958451971411705,465.4159687459469,4,0,0,47.54945635795593,0,9.23361924290657
arrivals-20260928-180440,mixed-r4,mixed,1,provisional_finite_trace,9.130613692104816,196.26282092621344,24,8,354.2188264429569,64.48961049318314,63.0280002951622,547.648773342371,10,0,0,46.03290557861328,0,10.038856655359268
arrivals-20260928-180440,mixed-r4,mixed,2,provisional_finite_trace,9.136734709143639,196.13133762181428,24,8,355.33701460808516,65.32991118729115,63.25297877192497,546.8865029513836,10,0,0,44.916100800037384,0,10.038856655359268
arrivals-20260928-180440,mixed-r4,mixed,3,provisional_finite_trace,9.12742529809475,196.3313794936301,24,8,364.31032717227936,66.04822725057602,63.35383281111717,550.2977881580591,10,0,0,46.70923948287964,0,10.038856655359268
arrivals-20260928-180440,mixed-r4,prefill_first,1,provisional_finite_trace,9.948660805821419,180.12474593077076,24,8,259.416975826025,1370.7195460796356,65.0571696460247,466.104007139802,14,0,0,48.68149384856224,0,10.043288238346577
arrivals-20260928-180440,mixed-r4,prefill_first,2,provisional_finite_trace,9.936704266816378,180.34148464943087,24,8,255.82896862179038,1355.3810169920323,64.17340785264969,462.23352290689945,14,0,0,46.12065851688385,0,10.043288238346577
arrivals-20260928-180440,mixed-r4,prefill_first,3,provisional_finite_trace,9.94396485760808,180.20980822643892,24,8,259.94726456701756,1388.0419829860327,64.80187177658081,468.1463159620762,14,0,0,46.867143362760544,0,10.043288238346577
arrivals-20260928-180440,mixed-r4,interleave,1,provisional_finite_trace,9.86391693726182,181.6722516417957,24,8,420.98394744098186,1106.1480596661568,78.79026979207993,607.438381947577,13,0,0,46.41945660114288,0,9.944702479988337
arrivals-20260928-180440,mixed-r4,interleave,2,provisional_finite_trace,9.866698153316975,181.6210420299082,24,8,418.184519559145,1106.521251797676,79.06302064657211,607.0356037467718,13,0,0,46.16965726017952,0,9.944702479988337
arrivals-20260928-180440,mixed-r4,interleave,3,provisional_finite_trace,9.860698636621237,181.73154520155055,24,8,421.53567001223564,1109.260842949152,78.92294973134995,608.9334510266781,13,0,0,45.217156410217285,0,9.944702479988337
arrivals-20260928-180440,short-r4,prefill_first,1,provisional_finite_trace,8.95488602295518,228.701961672109,32,0,61.567451991140835,64.2426572740078,62.539197504520416,,6,0,0,47.73237928748131,0,9.471261970698833
arrivals-20260928-180440,short-r4,prefill_first,2,provisional_finite_trace,8.94376216083765,228.986411218273,32,0,60.71761064231396,68.7377080321312,62.48122826218605,,6,0,0,45.21724209189415,0,9.471261970698833
arrivals-20260928-180440,short-r4,prefill_first,3,provisional_finite_trace,8.952906019985676,228.75254084296495,32,0,61.79662439972162,64.66399505734444,62.34116107225418,,6,0,0,45.81981897354126,0,9.471261970698833
arrivals-20260928-180440,short-r4,interleave,1,provisional_finite_trace,8.942152064293623,229.02764181094028,32,0,61.75937745720148,65.14536216855049,62.35257629305124,,6,0,0,47.97430336475372,0,9.381775334477425
arrivals-20260928-180440,short-r4,interleave,2,provisional_finite_trace,8.948782280087471,228.8579536186885,32,0,61.16776596754789,64.46262076497078,62.27937899529934,,6,0,0,44.928982853889465,0,9.381775334477425
arrivals-20260928-180440,short-r4,interleave,3,provisional_finite_trace,8.9382831081748,229.1267769452205,32,0,61.91291697323322,63.745446503162384,62.1814988553524,,6,0,0,46.037230640649796,0,9.381775334477425
arrivals-20260928-180440,short-r4,mixed,1,provisional_finite_trace,8.956069353967905,228.67174416114278,32,0,63.512128591537476,49.81565475463867,44.89411413669586,,6,0,0,48.06860163807869,0,9.806185938417912
arrivals-20260928-180440,short-r4,mixed,2,provisional_finite_trace,8.953423716127872,228.73931413643717,32,0,64.63853809982538,48.92412573099136,45.25142163038254,,6,0,0,48.37403446435928,0,9.806185938417912
arrivals-20260928-180440,short-r4,mixed,3,provisional_finite_trace,8.956208303570747,228.66819647143353,32,0,64.23901151865721,47.02676832675934,44.81380060315132,,6,0,0,46.65900394320488,0,9.806185938417912
