run_id,run,round,wall_s,output_tps,b_max_itl_ms,b_tpot_ms,c_ttft_ms,peak_allocated_blocks,peak_unwritten_blocks,preemptions,evicted_cached_tokens,recomputed_tokens
kv-20260923-203058,roomy/full,1,2.08777791634202,61.30920295596758,76.01818069815636,37.58475605037904,1137.6023884117603,35,17,0,0,0
kv-20260923-203058,roomy/full,2,2.0820204466581345,61.47874301880834,76.84625685214996,37.36984537493798,1132.014620602131,35,17,0,0,0
kv-20260923-203058,roomy/full,3,2.082178719341755,61.4740698341519,75.9161114692688,37.40243373378631,1131.7132557928562,35,17,0,0,0
kv-20260923-203058,roomy/on_demand,1,2.0891823060810566,61.26798969502369,75.64258947968483,37.23012031086029,1140.9310172498226,35,3,0,0,0
kv-20260923-203058,roomy/on_demand,2,2.0782598182559013,61.58998931491589,75.69845393300056,37.31853358687893,1128.546703159809,35,3,0,0,0
kv-20260923-203058,roomy/on_demand,3,2.0739823915064335,61.71701385903639,75.30022040009499,37.23477211690719,1125.2301517128944,35,3,0,0,0
kv-20260923-203058,pressure/full,1,2.1224848926067352,60.306671885327994,19.227545708417892,18.82881298661232,1532.1910823881626,18,17,0,0,0
kv-20260923-203058,pressure/full,2,2.1140139289200306,60.54832385394468,18.744830042123795,18.699137313712026,1523.0907607078552,18,17,0,0,0
kv-20260923-203058,pressure/full,3,2.114876214414835,60.52363685759089,18.883567303419113,18.709376454353333,1526.4449115097523,18,17,0,0,0
kv-20260923-203058,pressure/on_demand,1,2.1111902110278606,60.629307265346554,68.82558763027191,20.33275822477956,1522.6031425595284,20,3,0,0,0
kv-20260923-203058,pressure/on_demand,2,2.1186484657227993,60.41587458744905,67.92706996202469,20.283588238300815,1529.8020686209202,20,3,0,0,0
kv-20260923-203058,pressure/on_demand,3,2.1122567541897297,60.5986936702216,67.80820339918137,20.30357381989879,1521.8300852179527,20,3,0,0,0
