run_id,policy,round,wall_s,output_tokens_per_second,a_max_itl_ms,a_tpot_ms,b_ttft_planned_ms,b_ttft_admission_ms,steps,b_prefill_steps,b_prefill_step_wall_ms
mixed-20260923-195533,prefill_first,1,5.007433261722326,63.90499548863378,452.5744691491127,19.456068908467014,451.0667212307453,433.63434076309204,264,"[28, 29, 30, 31, 32, 33, 34, 35]",433.53667855262756
mixed-20260923-195533,prefill_first,2,5.003890085965395,63.95024560941425,453.8551904261112,19.439512754187863,451.9127644598484,434.35800448060036,264,"[28, 29, 30, 31, 32, 33, 34, 35]",434.28027629852295
mixed-20260923-195533,prefill_first,3,5.002793408930302,63.964264330559764,452.8294466435909,19.44092536966006,449.76674392819405,433.8967427611351,264,"[28, 29, 30, 31, 32, 33, 34, 35]",433.8194392621517
mixed-20260923-195533,interleave,1,4.999774724245071,64.0028836595868,76.41361281275749,19.42226834156934,567.8188093006611,550.4354722797871,264,"[28, 30, 32, 34, 36, 38, 40, 42]",427.65314131975174
mixed-20260923-195533,interleave,2,5.000843666493893,63.98920289071004,76.0093666613102,19.430554833482294,569.3715289235115,553.1664527952671,264,"[28, 30, 32, 34, 36, 38, 40, 42]",430.6016080081463
mixed-20260923-195533,interleave,3,5.002385210245848,63.969483866332084,77.14380323886871,19.43698122220881,570.5379694700241,553.3655993640423,264,"[28, 30, 32, 34, 36, 38, 40, 42]",430.5247776210308
mixed-20260923-195533,mixed,1,4.905683424323797,65.23046277575668,58.921393007040024,19.052677426268072,485.8340285718441,485.12500524520874,256,"[27, 28, 29, 30, 31, 32, 33, 34, 35]",485.0168153643608
mixed-20260923-195533,mixed,2,4.9062918201088905,65.22237399097429,59.1801293194294,19.052082431666992,487.5918738543987,486.1370921134949,256,"[27, 28, 29, 30, 31, 32, 33, 34, 35]",486.04220896959305
mixed-20260923-195533,mixed,3,4.902860168367624,65.26802499173496,58.63676965236664,19.03583991761301,483.64967480301857,481.5503768622875,256,"[27, 28, 29, 30, 31, 32, 33, 34, 35]",481.4757816493511
